N_points,Mean_surface,Std_surface
100,1.416,0.1498799519615616
1000,1.5444,0.08232034985348395
10000,1.5257999999999998,0.026878392809094816
100000,1.523004,0.00795895872586358