N_points,Mean_surface,Std_surface
400,1.5299999999999998,0.09790301323248433