N_points,Mean_surface,Std_surface
100,1.572,0.2746925554142304
1000,1.5768,0.0667484831288322
10000,1.55556,0.04061711954336497
100000,1.5623999999999998,0.007709754859916087