N_points,Mean_surface,Std_surface
100,1.5,0.236981011897578
1000,1.5252000000000001,0.06354337101539394
10000,1.52412,0.01225763435578007
100000,1.5269279999999998,0.005829752653415128
