N_points,Mean_surface,Std_surface
400,1.4759999999999998,0.08828363381737295
