N_points,Mean_surface,Std_surface
100,1.6440000000000001,0.13994284547628724
1000,1.5372000000000001,0.05517390687634876
10000,1.53264,0.030128365372187077
100000,1.5285119999999999,0.008827335724894608