N_points,Mean_surface,Std_surface
1000,0.6384000000000001,0.017636326148038898