N_points,Mean_surface,Std_surface
100,1.4040000000000001,0.26725268941584107
1000,1.4891999999999999,0.034236822282449085
10000,1.5190800000000002,0.018734609683684372
100000,1.519356,0.0082442358044879